param_SVM__max_iter,train acc,test acc
1,0.75125,0.575
2,0.755,0.5575
4,0.75625,0.5575
8,0.75625,0.5575
16,0.75625,0.5575
32,0.75625,0.5575
64,0.75625,0.5575
128,0.75625,0.5575
256,0.75625,0.5575
512,0.75625,0.5575
1024,0.75625,0.5575
2048,0.75625,0.5575
