param_SVM__max_iter,train acc,test acc
1,0.456875,0.4875
2,0.466875,0.51
4,0.51,0.4825
8,0.5125,0.5225
16,0.5975,0.57
32,0.586875,0.5625
64,0.605625,0.58
128,0.695625,0.6575
256,0.79375,0.6725
512,0.875625,0.735
1024,0.885,0.755
2048,0.885625,0.755
