param_SVM__max_iter,train acc,test acc
1,0.55875,0.5525
2,0.59,0.53
4,0.5125,0.5075
8,0.57,0.6125
16,0.493125,0.565
32,0.585,0.545
64,0.6075,0.61
128,0.629375,0.5525
256,0.6275,0.5725
512,0.62625,0.5775
1024,0.624375,0.5825
2048,0.625,0.5825
