,train,test
0.1,0.09855097999993631,0.2138239199999589
0.2,0.11957733999993252,0.0497029399999974
0.3,0.17217295999998897,0.05089101999992636
0.4,0.23423979999997754,0.0524372000000767
0.5,0.30523616000000403,0.04920916000005491
0.6,0.36285242000003565,0.045440739999958166
0.7,0.4301318199999969,0.03910565999995015
0.8,0.5244749799999682,0.033337280000114336
0.9,0.6013429199999791,0.0175340999999662
