,train,test
0.1,0.007513239999999999,0.013027740000000005
0.2,0.0218089,0.01231705999999999
0.3,0.03688686,0.01004341999999998
0.4,0.042869980000000016,0.008657779999999993
0.5,0.06081699999999999,0.007305660000000014
0.6,0.07369585999999999,0.005843059999999944
0.7,0.09544978000000004,0.004632779999999936
0.8,0.11747743999999996,0.003371179999999896
0.9,0.14751688000000013,0.0018868200000003554
