,mean_fit_time,std_fit_time,mean_score_time,std_score_time,param_NN__activation,param_NN__alpha,param_NN__hidden_layer_sizes,param_NN__learning_rate_init,params,split0_test_score,split1_test_score,split2_test_score,split3_test_score,split4_test_score,mean_test_score,std_test_score,rank_test_score,split0_train_score,split1_train_score,split2_train_score,split3_train_score,split4_train_score,mean_train_score,std_train_score
0,1.4123743534088136,0.19949600911516355,0.12342138290405273,0.011458219346842694,logistic,0.00031622776601683794,"(53, 53, 53)",0.016,"{'NN__activation': 'logistic', 'NN__alpha': 0.00031622776601683794, 'NN__hidden_layer_sizes': (53, 53, 53), 'NN__learning_rate_init': 0.016}",0.7438383838383837,0.7781818181818182,0.783931623931624,0.7718935837245697,0.7682957432792747,0.7692279603755671,0.013783473331919092,1,0.784322186789932,0.7731966102025492,0.8026037857289138,0.7814542813725082,0.7669746059544659,0.7817102940096738,0.012108252037482514
