,mean_fit_time,std_fit_time,mean_score_time,std_score_time,param_NN__activation,param_NN__alpha,param_NN__hidden_layer_sizes,param_NN__learning_rate_init,params,split0_test_score,split1_test_score,split2_test_score,split3_test_score,split4_test_score,mean_test_score,std_test_score,rank_test_score,split0_train_score,split1_train_score,split2_train_score,split3_train_score,split4_train_score,mean_train_score,std_train_score
0,0.9927595138549805,0.1924607632340846,0.006029748916625976,0.006391761999376546,logistic,0.00031622776601683794,"(53, 53, 53)",0.016,"{'NN__activation': 'logistic', 'NN__alpha': 0.00031622776601683794, 'NN__hidden_layer_sizes': (53, 53, 53), 'NN__learning_rate_init': 0.016}",0.7618414918414917,0.7233799533799534,0.6767832167832167,0.7448513302034427,0.7563756705040935,0.7326261895061181,0.03089864695960902,1,0.7444652487249251,0.7559389719434775,0.7342963439727724,0.7663354519780886,0.7965377505351237,0.7595147534308775,0.02141245536592992
