,mean_fit_time,std_fit_time,mean_score_time,std_score_time,param_NN__activation,param_NN__alpha,param_NN__hidden_layer_sizes,param_NN__learning_rate_init,params,split0_test_score,split1_test_score,split2_test_score,split3_test_score,split4_test_score,mean_test_score,std_test_score,rank_test_score,split0_train_score,split1_train_score,split2_train_score,split3_train_score,split4_train_score,mean_train_score,std_train_score
0,1.3643028736114502,0.27406859456055144,0.11636347770690918,0.0023698126199801803,logistic,0.00031622776601683794,"(53, 53, 53)",0.016,"{'NN__activation': 'logistic', 'NN__alpha': 0.00031622776601683794, 'NN__hidden_layer_sizes': (53, 53, 53), 'NN__learning_rate_init': 0.016}",0.757987567987568,0.7667443667443667,0.7465501165501165,0.7572456964006259,0.7864424856488597,0.7629801545232623,0.01335212508650164,1,0.7769399178881055,0.7672040022234575,0.7742215460831067,0.7587558373059952,0.7777125899980541,0.7709667786997437,0.007142036811551917
